frame,sequence,index,driver_timestamp_ns,dq_monotonic_ns,bytesused,inter_frame_ms,sequence_gap,flags
0,0,0,8052729373000,8052729886760,3110400,0.000,0,0x2001
1,1,1,8052763206000,8052763587389,3110400,33.833,0,0x2001
2,2,2,8052796264000,8052796646350,3110400,33.058,0,0x2001
3,3,3,8052829548000,8052829930187,3110400,33.284,0,0x2001
4,4,0,8052862510000,8052863214899,3110400,32.962,0,0x2001
5,5,1,8052895790000,8052896496402,3110400,33.280,0,0x2001
6,6,2,8052929072000,8052929777030,3110400,33.282,0,0x2001
7,7,3,8052962357000,8052963081575,3110400,33.285,0,0x2001
8,8,0,8052995641000,8052996346454,3110400,33.284,0,0x2001
9,9,1,8053028924000,8053029632040,3110400,33.283,0,0x2001
10,10,2,8053062536000,8053062920835,3110400,33.612,0,0x2001
11,11,3,8053095816000,8053096200589,3110400,33.280,0,0x2001
12,12,0,8053129101000,8053129482675,3110400,33.285,0,0x2001
13,13,1,8053162381000,8053162765929,3110400,33.280,0,0x2001
14,14,2,8053195341000,8053196051515,3110400,32.960,0,0x2001
15,15,3,8053228953000,8053229335352,3110400,33.612,0,0x2001
16,16,0,8053261913000,8053262621814,3110400,32.960,0,0x2001
17,17,1,8053295522000,8053295905942,3110400,33.609,0,0x2001
18,18,2,8053328474000,8053329183362,3110400,32.952,0,0x2001
19,19,3,8053361759000,8053362463990,3110400,33.285,0,0x2001
20,20,0,8053395367000,8053395748994,3110400,33.608,0,0x2001
21,21,1,8053428658000,8053429037497,3110400,33.291,0,0x2001
22,22,2,8053461612000,8053462314042,3110400,32.954,0,0x2001
23,23,3,8053495218000,8053495600212,3110400,33.606,0,0x2001
24,24,0,8053528506000,8053528889007,3110400,33.288,0,0x2001
25,25,1,8053561461000,8053562164094,3110400,32.955,0,0x2001
26,26,2,8053595072000,8053595453472,3110400,33.611,0,0x2001
27,27,3,8053628031000,8053628733809,3110400,32.959,0,0x2001
28,28,0,8053661315000,8053662022021,3110400,33.284,0,0x2001
29,29,1,8053694923000,8053695305274,3110400,33.608,0,0x2001
30,30,2,8053728210000,8053728592319,3110400,33.287,0,0x2001
31,31,3,8053761491000,8053761872656,3110400,33.281,0,0x2001
32,32,0,8053794444000,8053795154451,3110400,32.953,0,0x2001
33,33,1,8053828052000,8053828432454,3110400,33.608,0,0x2001
34,34,2,8053861333000,8053861715416,3110400,33.281,0,0x2001
35,35,3,8053894623000,8053895002752,3110400,33.290,0,0x2001
36,36,0,8053927908000,8053928290089,3110400,33.285,0,0x2001
37,37,1,8053961188000,8053961568967,3110400,33.280,0,0x2001
38,38,2,8053994469000,8053994849596,3110400,33.281,0,0x2001
39,39,3,8054027756000,8054028135766,3110400,33.287,0,0x2001
40,40,0,8054061033000,8054061413186,3110400,33.277,0,0x2001
41,41,1,8054094000000,8054094706647,3110400,32.967,0,0x2001
42,42,2,8054127608000,8054127989901,3110400,33.608,0,0x2001
43,43,3,8054160568000,8054161273446,3110400,32.960,0,0x2001
44,44,0,8054193848000,8054194551449,3110400,33.280,0,0x2001
45,45,1,8054227461000,8054227843744,3110400,33.613,0,0x2001
46,46,2,8054260739000,8054261119122,3110400,33.278,0,0x2001
47,47,3,8054293700000,8054294407626,3110400,32.961,0,0x2001
48,48,0,8054327312000,8054327692921,3110400,33.612,0,0x2001
49,49,1,8054360595000,8054360977341,3110400,33.283,0,0x2001
50,50,2,8054393880000,8054394261469,3110400,33.285,0,0x2001
51,51,3,8054427158000,8054427537431,3110400,33.278,0,0x2001
52,52,0,8054460121000,8054460829142,3110400,32.963,0,0x2001
53,53,1,8054493730000,8054494110937,3110400,33.609,0,0x2001
54,54,2,8054527011000,8054527392149,3110400,33.281,0,0x2001
55,55,3,8054559969000,8054560674528,3110400,32.958,0,0x2001
56,56,0,8054593579000,8054593961864,3110400,33.610,0,0x2001
57,57,1,8054626534000,8054627237826,3110400,32.955,0,0x2001
58,58,2,8054660147000,8054660527204,3110400,33.613,0,0x2001
59,59,3,8054693104000,8054693812499,3110400,32.957,0,0x2001
60,60,0,8054726712000,8054727091086,3110400,33.608,0,0x2001
61,61,1,8054759669000,8054760376673,3110400,32.957,0,0x2001
62,62,2,8054793283000,8054793664009,3110400,33.614,0,0x2001
63,63,3,8054826559000,8054826939679,3110400,33.276,0,0x2001
64,64,0,8054859519000,8054860229058,3110400,32.960,0,0x2001
65,65,1,8054893131000,8054893512019,3110400,33.612,0,0x2001
66,66,2,8054926087000,8054926791481,3110400,32.956,0,0x2001
67,67,3,8054959368000,8054960074151,3110400,33.281,0,0x2001
68,68,0,8054992984000,8054993365571,3110400,33.616,0,0x2001
69,69,1,8055025938000,8055026640658,3110400,32.954,0,0x2001
70,70,2,8055059220000,8055059927119,3110400,33.282,0,0x2001
71,71,3,8055092834000,8055093217664,3110400,33.614,0,0x2001
72,72,0,8055126117000,8055126500043,3110400,33.283,0,0x2001
73,73,1,8055159398000,8055159779213,3110400,33.281,0,0x2001
74,74,2,8055192681000,8055193063633,3110400,33.283,0,0x2001
75,75,3,8055225969000,8055226370511,3110400,33.288,0,0x2001
76,76,0,8055259247000,8055259629556,3110400,33.278,0,0x2001
77,77,1,8055292536000,8055292918934,3110400,33.289,0,0x2001
78,78,2,8055325818000,8055326201896,3110400,33.282,0,0x2001
79,79,3,8055359097000,8055359481358,3110400,33.279,0,0x2001
80,80,0,8055392058000,8055392770153,3110400,32.961,0,0x2001
81,81,1,8055425344000,8055426053114,3110400,33.286,0,0x2001
82,82,2,8055458949000,8055459331701,3110400,33.605,0,0x2001
83,83,3,8055491909000,8055492618746,3110400,32.960,0,0x2001
84,84,0,8055525518000,8055525918916,3110400,33.609,0,0x2001
85,85,1,8055558479000,8055559187586,3110400,32.961,0,0x2001
86,86,2,8055591758000,8055592423881,3110400,33.279,0,0x2001
87,87,3,8055625041000,8055625747676,3110400,33.283,0,0x2001
88,88,0,8055658656000,8055659040263,3110400,33.615,0,0x2001
89,89,1,8055691610000,8055692320016,3110400,32.954,0,0x2001
90,90,2,8055725220000,8055725601228,3110400,33.610,0,0x2001
91,91,3,8055758504000,8055758887106,3110400,33.284,0,0x2001
92,92,0,8055791788000,8055792172693,3110400,33.284,0,0x2001
93,93,1,8055825070000,8055825453030,3110400,33.282,0,0x2001
94,94,2,8055858029000,8055858738033,3110400,32.959,0,0x2001
95,95,3,8055891311000,8055892018078,3110400,33.282,0,0x2001
96,96,0,8055924594000,8055925261081,3110400,33.283,0,0x2001
97,97,1,8055957878000,8055958586626,3110400,33.284,0,0x2001
98,98,2,8055991161000,8055991827880,3110400,33.283,0,0x2001
99,99,3,8056024442000,8056025108508,3110400,33.281,0,0x2001
100,100,0,8056057728000,8056058430845,3110400,33.286,0,0x2001
101,101,1,8056091336000,8056091718181,3110400,33.608,0,0x2001
102,102,2,8056124619000,8056124961476,3110400,33.283,0,0x2001
103,103,3,8056157578000,8056158239188,3110400,32.959,0,0x2001
104,104,0,8056190862000,8056191570275,3110400,33.284,0,0x2001
105,105,1,8056224146000,8056224852653,3110400,33.284,0,0x2001
106,106,2,8056257428000,8056258135031,3110400,33.282,0,0x2001
107,107,3,8056290712000,8056291418868,3110400,33.284,0,0x2001
108,108,0,8056323998000,8056324706788,3110400,33.286,0,0x2001
109,109,1,8056357279000,8056357979250,3110400,33.281,0,0x2001
110,110,2,8056390562000,8056391266295,3110400,33.283,0,0x2001
111,111,3,8056424172000,8056424549548,3110400,33.610,0,0x2001
112,112,0,8056457458000,8056457839218,3110400,33.286,0,0x2001
113,113,1,8056490743000,8056491123638,3110400,33.285,0,0x2001
114,114,2,8056523701000,8056524411558,3110400,32.958,0,0x2001
115,115,3,8056557312000,8056557693645,3110400,33.611,0,0x2001
116,116,0,8056590595000,8056590974565,3110400,33.283,0,0x2001
117,117,1,8056623549000,8056624255193,3110400,32.954,0,0x2001
118,118,2,8056657157000,8056657541072,3110400,33.608,0,0x2001
119,119,3,8056690117000,8056690827533,3110400,32.960,0,0x2001
120,120,0,8056723400000,8056724107870,3110400,33.283,0,0x2001
121,121,1,8056757015000,8056757396665,3110400,33.615,0,0x2001
122,122,2,8056789967000,8056790674377,3110400,32.952,0,0x2001
123,123,3,8056823251000,8056823957630,3110400,33.284,0,0x2001
124,124,0,8056856860000,8056857242050,3110400,33.609,0,0x2001
125,125,1,8056890142000,8056890525012,3110400,33.282,0,0x2001
126,126,2,8056923430000,8056923814973,3110400,33.288,0,0x2001
127,127,3,8056956714000,8056957093560,3110400,33.284,0,0x2001
128,128,0,8056989991000,8056990374772,3110400,33.277,0,0x2001
129,129,1,8057022951000,8057023651608,3110400,32.960,0,0x2001
130,130,2,8057056562000,8057056945070,3110400,33.611,0,0x2001
131,131,3,8057089520000,8057090229198,3110400,32.958,0,0x2001
132,132,0,8057122802000,8057123506327,3110400,33.282,0,0x2001
133,133,1,8057156088000,8057156792205,3110400,33.286,0,0x2001
134,134,2,8057189371000,8057190075458,3110400,33.283,0,0x2001
135,135,3,8057222941000,8057223324878,3110400,33.570,0,0x2001
136,136,0,8057255936000,8057256641673,3110400,32.995,0,0x2001
137,137,1,8057289544000,8057289930177,3110400,33.608,0,0x2001
138,138,2,8057322501000,8057323213430,3110400,32.957,0,0x2001
139,139,3,8057355789000,8057356520892,3110400,33.288,0,0x2001
140,140,0,8057389401000,8057389785187,3110400,33.612,0,0x2001
141,141,1,8057422351000,8057423053857,3110400,32.950,0,0x2001
142,142,2,8057455640000,8057456349068,3110400,33.289,0,0x2001
143,143,3,8057489251000,8057489632322,3110400,33.611,0,0x2001
144,144,0,8057522534000,8057522935408,3110400,33.283,0,0x2001
145,145,1,8057555819000,8057556202912,3110400,33.285,0,0x2001
146,146,2,8057589100000,8057589480040,3110400,33.281,0,0x2001
147,147,3,8057622055000,8057622758627,3110400,32.955,0,0x2001
148,148,0,8057655338000,8057656046547,3110400,33.283,0,0x2001
149,149,1,8057688948000,8057689332425,3110400,33.610,0,0x2001
150,150,2,8057722231000,8057722620345,3110400,33.283,0,0x2001
151,151,3,8057755517000,8057755925182,3110400,33.286,0,0x2001
152,152,0,8057788472000,8057789134060,3110400,32.955,0,0x2001
153,153,1,8057822084000,8057822424897,3110400,33.612,0,0x2001
154,154,2,8057855039000,8057855706109,3110400,32.955,0,0x2001
155,155,3,8057888325000,8057888986445,3110400,33.286,0,0x2001
156,156,0,8057921935000,8057922276407,3110400,33.610,0,0x2001
157,157,1,8057954891000,8057955596410,3110400,32.956,0,0x2001
158,158,2,8057988173000,8057988837372,3110400,33.282,0,0x2001
159,159,3,8058021781000,8058022117709,3110400,33.608,0,0x2001
160,160,0,8058054740000,8058055400962,3110400,32.959,0,0x2001
161,161,1,8058088350000,8058088731465,3110400,33.610,0,0x2001
162,162,2,8058121635000,8058122017052,3110400,33.285,0,0x2001
163,163,3,8058154915000,8058155296514,3110400,33.280,0,0x2001
164,164,0,8058188196000,8058188538350,3110400,33.281,0,0x2001
165,165,1,8058221481000,8058221821020,3110400,33.285,0,0x2001
166,166,2,8058254441000,8058255149774,3110400,32.960,0,0x2001
167,167,3,8058288049000,8058288388985,3110400,33.608,0,0x2001
168,168,0,8058321007000,8058321671947,3110400,32.958,0,0x2001
169,169,1,8058354293000,8058354955784,3110400,33.286,0,0x2001
170,170,2,8058387575000,8058388283662,3110400,33.282,0,0x2001
171,171,3,8058421185000,8058421563999,3110400,33.610,0,0x2001
172,172,0,8058454147000,8058454851627,3110400,32.962,0,0x2001
173,173,1,8058487426000,8058488125255,3110400,33.279,0,0x2001
174,174,2,8058520711000,8058521415800,3110400,33.285,0,0x2001
175,175,3,8058553997000,8058554697887,3110400,33.286,0,0x2001
176,176,0,8058587603000,8058587985516,3110400,33.606,0,0x2001
177,177,1,8058620562000,8058621268186,3110400,32.959,0,0x2001
178,178,2,8058654174000,8058654556106,3110400,33.612,0,0x2001
179,179,3,8058687130000,8058687831192,3110400,32.956,0,0x2001
180,180,0,8058720412000,8058721115904,3110400,33.282,0,0x2001
181,181,1,8058754024000,8058754407907,3110400,33.612,0,0x2001
182,182,2,8058786980000,8058787692619,3110400,32.956,0,0x2001
183,183,3,8058820590000,8058820972664,3110400,33.610,0,0x2001
184,184,0,8058853878000,8058854263209,3110400,33.288,0,0x2001
185,185,1,8058886831000,8058887536254,3110400,32.953,0,0x2001
186,186,2,8058920442000,8058920823007,3110400,33.611,0,0x2001
187,187,3,8058953724000,8058954105094,3110400,33.282,0,0x2001
188,188,0,8058986681000,8058987388056,3110400,32.957,0,0x2001
189,189,1,8059020294000,8059020675392,3110400,33.613,0,0x2001
190,190,2,8059053249000,8059053956021,3110400,32.955,0,0x2001
191,191,3,8059086532000,8059087240149,3110400,33.283,0,0x2001
192,192,0,8059120143000,8059120527194,3110400,33.611,0,0x2001
193,193,1,8059153102000,8059153805489,3110400,32.959,0,0x2001
194,194,2,8059186711000,8059187093701,3110400,33.609,0,0x2001
195,195,3,8059219667000,8059220372287,3110400,32.956,0,0x2001
196,196,0,8059252950000,8059253652916,3110400,33.283,0,0x2001
197,197,1,8059286560000,8059286943169,3110400,33.610,0,0x2001
198,198,2,8059319518000,8059320223214,3110400,32.958,0,0x2001
199,199,3,8059353131000,8059353513467,3110400,33.613,0,0x2001
200,200,0,8059386083000,8059386787387,3110400,32.952,0,0x2001
201,201,1,8059419369000,8059420072391,3110400,33.286,0,0x2001
202,202,2,8059452983000,8059453366436,3110400,33.614,0,0x2001
203,203,3,8059485938000,8059486642981,3110400,32.955,0,0x2001
204,204,0,8059519549000,8059519931192,3110400,33.611,0,0x2001
205,205,1,8059552506000,8059553213571,3110400,32.957,0,0x2001
206,206,2,8059585787000,8059586491574,3110400,33.281,0,0x2001
207,207,3,8059619394000,8059619775994,3110400,33.607,0,0x2001
208,208,0,8059652354000,8059653058664,3110400,32.960,0,0x2001
209,209,1,8059685963000,8059686344834,3110400,33.609,0,0x2001
210,210,2,8059719245000,8059719627213,3110400,33.282,0,0x2001
211,211,3,8059752205000,8059752910758,3110400,32.960,0,0x2001
212,212,0,8059785809000,8059786189636,3110400,33.604,0,0x2001
213,213,1,8059819093000,8059819470848,3110400,33.284,0,0x2001
214,214,2,8059852054000,8059852759059,3110400,32.961,0,0x2001
215,215,3,8059885658000,8059886057188,3110400,33.604,0,0x2001
216,216,0,8059918949000,8059919331108,3110400,33.291,0,0x2001
217,217,1,8059951902000,8059952606486,3110400,32.953,0,0x2001
218,218,2,8059985189000,8059985926198,3110400,33.287,0,0x2001
219,219,3,8060018797000,8060019179993,3110400,33.608,0,0x2001
220,220,0,8060052081000,8060052463538,3110400,33.284,0,0x2001
221,221,1,8060085040000,8060085744749,3110400,32.959,0,0x2001
222,222,2,8060118649000,8060119030919,3110400,33.609,0,0x2001
223,223,3,8060151934000,8060152316214,3110400,33.285,0,0x2001
224,224,0,8060185220000,8060185605884,3110400,33.286,0,0x2001
225,225,1,8060218499000,8060218880096,3110400,33.279,0,0x2001
226,226,2,8060251459000,8060252166266,3110400,32.960,0,0x2001
227,227,3,8060284742000,8060285445728,3110400,33.283,0,0x2001
228,228,0,8060318023000,8060318688439,3110400,33.281,0,0x2001
229,229,1,8060351305000,8060351972568,3110400,33.282,0,0x2001
230,230,2,8060384920000,8060385303071,3110400,33.615,0,0x2001
231,231,3,8060418200000,8060418537324,3110400,33.280,0,0x2001
232,232,0,8060451482000,8060451863744,3110400,33.282,0,0x2001
233,233,1,8060484441000,8060485143498,3110400,32.959,0,0x2001
234,234,2,8060517726000,8060518432584,3110400,33.285,0,0x2001
235,235,3,8060551334000,8060551715546,3110400,33.608,0,0x2001
236,236,0,8060584616000,8060584997633,3110400,33.282,0,0x2001
237,237,1,8060617574000,8060618271553,3110400,32.958,0,0x2001
238,238,2,8060651184000,8060651567348,3110400,33.610,0,0x2001
239,239,3,8060684142000,8060684846226,3110400,32.958,0,0x2001
240,240,0,8060717754000,8060718132396,3110400,33.612,0,0x2001
241,241,1,8060751039000,8060751418275,3110400,33.285,0,0x2001
242,242,2,8060783995000,8060784705320,3110400,32.956,0,0x2001
243,243,3,8060817606000,8060818005198,3110400,33.611,0,0x2001
244,244,0,8060850883000,8060851266868,3110400,33.277,0,0x2001
245,245,1,8060883844000,8060884548371,3110400,32.961,0,0x2001
246,246,2,8060917455000,8060917838041,3110400,33.611,0,0x2001
247,247,3,8060950735000,8060951115753,3110400,33.280,0,0x2001
248,248,0,8060984018000,8060984401923,3110400,33.283,0,0x2001
249,249,1,8061016977000,8061017681676,3110400,32.959,0,0x2001
250,250,2,8061050264000,8061050969013,3110400,33.287,0,0x2001
251,251,3,8061083870000,8061084254016,3110400,33.606,0,0x2001
252,252,0,8061116828000,8061117531436,3110400,32.958,0,0x2001
253,253,1,8061150112000,8061150820231,3110400,33.284,0,0x2001
254,254,2,8061183397000,8061184105526,3110400,33.285,0,0x2001
255,255,3,8061216683000,8061217387905,3110400,33.286,0,0x2001
256,256,0,8061250285000,8061250667075,3110400,33.602,0,0x2001
257,257,1,8061283538000,8061283944786,3110400,33.253,0,0x2001
258,258,2,8061316864000,8061317246415,3110400,33.326,0,0x2001
259,259,3,8061349815000,8061350524126,3110400,32.951,0,0x2001
260,260,0,8061383427000,8061383812046,3110400,33.612,0,0x2001
261,261,1,8061416713000,8061417094716,3110400,33.286,0,0x2001
262,262,2,8061449996000,8061450379136,3110400,33.283,0,0x2001
263,263,3,8061483278000,8061483662390,3110400,33.282,0,0x2001
264,264,0,8061516570000,8061516951185,3110400,33.292,0,0x2001
265,265,1,8061549516000,8061550224230,3110400,32.946,0,0x2001
266,266,2,8061582799000,8061583509816,3110400,33.283,0,0x2001
267,267,3,8061616409000,8061616790445,3110400,33.610,0,0x2001
268,268,0,8061649368000,8061650077782,3110400,32.959,0,0x2001
269,269,1,8061682977000,8061683361910,3110400,33.609,0,0x2001
270,270,2,8061715936000,8061716639038,3110400,32.959,0,0x2001
271,271,3,8061749548000,8061749930167,3110400,33.612,0,0x2001
272,272,0,8061782827000,8061783214003,3110400,33.279,0,0x2001
273,273,1,8061815787000,8061816497257,3110400,32.960,0,0x2001
274,274,2,8061849398000,8061849780218,3110400,33.611,0,0x2001
275,275,3,8061882351000,8061883058805,3110400,32.953,0,0x2001
276,276,0,8061915637000,8061916361600,3110400,33.286,0,0x2001
277,277,1,8061949245000,8061949652437,3110400,33.608,0,0x2001
278,278,2,8061982200000,8061982909732,3110400,32.955,0,0x2001
279,279,3,8062015776000,8062016155943,3110400,33.576,0,0x2001
280,280,0,8062049092000,8062049474780,3110400,33.316,0,0x2001
281,281,1,8062082049000,8062082751908,3110400,32.957,0,0x2001
282,282,2,8062115663000,8062116042162,3110400,33.614,0,0x2001
283,283,3,8062148622000,8062149343207,3110400,32.959,0,0x2001
284,284,0,8062181905000,8062182580085,3110400,33.283,0,0x2001
285,285,1,8062215513000,8062215919047,3110400,33.608,0,0x2001
286,286,2,8062248471000,8062249182175,3110400,32.958,0,0x2001
287,287,3,8062281757000,8062282461637,3110400,33.286,0,0x2001
288,288,0,8062315035000,8062315738765,3110400,33.278,0,0x2001
289,289,1,8062348649000,8062349032227,3110400,33.614,0,0x2001
290,290,2,8062381605000,8062382309355,3110400,32.956,0,0x2001
291,291,3,8062414888000,8062415593775,3110400,33.283,0,0x2001
292,292,0,8062448171000,8062448874987,3110400,33.283,0,0x2001
293,293,1,8062481779000,8062482159698,3110400,33.608,0,0x2001
294,294,2,8062515065000,8062515443243,3110400,33.286,0,0x2001
295,295,3,8062548024000,8062548726788,3110400,32.959,0,0x2001
296,296,0,8062581306000,8062582009167,3110400,33.282,0,0x2001
297,297,1,8062614587000,8062615244587,3110400,33.281,0,0x2001
298,298,2,8062648200000,8062648541549,3110400,33.613,0,0x2001
299,299,3,8062681479000,8062681820135,3110400,33.279,0,0x2001
